"Clientes que compraram este produto tambem compraram","Clientes que compraram este produto também compraram"
"Adicionar ao Carrinho","Adicionar ao Carrinho"
"Comprar","Comprar"
"Selecionados especialmente para voce com base em Inteligencia Artificial","Selecionados especialmente para você com base em Inteligência Artificial"
"Recomendações Personalizadas","Recomendações Personalizadas"
"Faça login para ver recomendações personalizadas.","Faça login para ver recomendações personalizadas."
"Login","Login"
"Faça login para ver produtos selecionados especialmente para você.","Faça login para ver produtos selecionados especialmente para você."
"Faça login para ver produtos selecionados especialmente para você com base em Inteligência Artificial.","Faça login para ver produtos selecionados especialmente para você com base em Inteligência Artificial."
"Fazer Login","Fazer Login"
"Anterior","Anterior"
"Próximo","Próximo"
"Adicionar","Adicionar"
